seed,alpha,n_folds,beta,MeanKL_mean,MeanKL_fold_sd,Gesture_F1_mean,Gesture_F1_fold_sd,Gesture_Acc_mean,Gesture_Acc_fold_sd,Subject_AUC_mean,Subject_AUC_fold_sd,KL_mismatch_percent,rate_within_5pct
0,1.0,42,0.01,6.689059366046903,0.20687724793457424,0.6653525979992451,0.13118258830796367,0.7953011693471431,0.08978485658636458,0.6823461091753774,0.290055532794702,0.16329304407607248,True
0,0.5,42,0.0833,6.840091241436359,0.17521920449334882,0.5749579315580775,0.12444862336550867,0.7822965868329629,0.06705798911947396,0.8530778164924506,0.18580820877881035,2.090914051288938,True
0,0.0,42,0.12,6.724624577598751,0.18927135447758542,0.1031199550755247,0.017166430427605666,0.6124196353722254,0.02277129400003677,0.7468060394889663,0.2321031954859294,0.36753100893658586,True
1,1.0,42,0.01,6.757695834672685,0.26713078425842207,0.6643335841411091,0.13178649802510492,0.7909376557612867,0.09661075931520924,0.6974448315911731,0.2689305879101987,0.861131860786337,True
1,0.5,42,0.08,6.8496286600471725,0.19016492459797046,0.5668881121940595,0.11692016841761958,0.775711309200593,0.07285342227115466,0.8153310104529616,0.19810281504143665,2.233263582793617,True
1,0.0,42,0.12,6.73148631940362,0.21106849650806764,0.10093451635598155,0.015059901109068071,0.6126419558784751,0.022917270701310444,0.7575493612078978,0.2195485854718433,0.46994506572567346,True
2,1.0,42,0.01,6.52085524495012,0.2732830254986358,0.6676929969806532,0.12830442323862318,0.7930468234790291,0.0938202735792337,0.6747967479674797,0.3089222156029977,2.6738023141773186,True
2,0.5,42,0.09,6.595340537423659,0.2337748669322542,0.5779328189385834,0.1163208843375949,0.7837741036354283,0.0691974136206735,0.8060394889663183,0.2059884910011536,1.5620815309901717,True
2,0.0,42,0.12,6.536306212693971,0.18673261864046434,0.10142990356926933,0.017516885663341128,0.6130115764611698,0.02437167494535176,0.7575493612078978,0.22222532415328006,2.443190855313874,True
3,1.0,42,0.01,6.52409102707583,0.40750653166728174,0.6693851798096787,0.13284820906597763,0.7969101096336055,0.09379773985403926,0.6721835075493612,0.30110337159117356,2.625507058569706,True
3,0.5,42,0.0833,6.889217463319325,0.18067853194862468,0.5635011747284522,0.12645137291344388,0.769382714572568,0.0842403205441733,0.8313008130081301,0.18957609163300432,2.824141243572006,True
3,0.0,42,0.12,6.564565876926895,0.18796870624312423,0.098284697520183,0.007036499863093303,0.6111420930124852,0.02242500585983352,0.7494192799070848,0.2515199854455744,2.02140482198665,True
4,1.0,42,0.01,6.473084187064037,0.22621875970843403,0.6661900867646285,0.1308574334979871,0.793063695240283,0.09524778690991577,0.6721835075493612,0.2762883306627273,3.386803178148701,True
4,0.5,42,0.086,6.587641977508446,0.19863575040337259,0.553329936214182,0.1132117236356632,0.7707529551710827,0.07179110725258869,0.7987804878048781,0.22934311561468515,1.6769854103217001,True
4,0.0,42,0.12,6.517957985736331,0.21906438209138482,0.10194887625820406,0.01371216998912349,0.6126086943824,0.023550138770880937,0.7665505226480837,0.2355434262564796,2.717044989009991,True
