alpha,beta,provenance,backend,MeanKL,Gesture_F1,Gesture_Acc,Subject_AUC,rate_mismatch_percent,result_type,metric,contrast,mean,median,sd,minimum,maximum,positive_count,negative_count,tie_count,ci95_low,ci95_high,slope,r_squared
1.0,0.01,REUSED_ACCEPTED_G_ENDPOINT_XPU,XPU,6.689059366046903,0.6653525979992451,0.795301169347143,0.6823461091753774,0.16329304407607248,condition,,,,,,,,,,,,,,
0.5,0.0833,TRAINED_ALPHA_0.5_XPU,XPU,6.840091241436359,0.5749579315580775,0.7822965868329629,0.8530778164924506,2.090914051288938,condition,,,,,,,,,,,,,,
0.0,0.12,REUSED_ACCEPTED_S_ENDPOINT_CPU,CPU,6.724624577598751,0.1031199550755247,0.6124196353722254,0.7468060394889663,0.3675310089365858,condition,,,,,,,,,,,,,,
,,,,,,,,,paired_contrast,Gesture_F1,1_minus_0.5,0.0903946664411676,0.09418989939237615,0.0594116134675594,-0.05746607011767457,0.22080891363340716,39.0,3.0,0.0,0.07227391254432476,0.10805349480455148,,
,,,,,,,,,paired_contrast,Gesture_F1,0.5_minus_0,0.47183797648255277,0.46831919634872293,0.1274648394196514,0.21887221825175512,0.7490703273345116,42.0,0.0,0.0,0.4330024793403729,0.5098790377887648,,
,,,,,,,,,paired_contrast,Gesture_F1,1_minus_0,0.5622326429237203,0.5712739532730493,0.13284316206184724,0.29060622347603604,0.8004449847276023,42.0,0.0,0.0,0.5224680004858092,0.6010202197448009,,
,,,,,,,,,paired_contrast,Gesture_Acc,1_minus_0.5,0.013004582514180272,0.027703878165685036,0.05365224207506786,-0.1721964782205746,0.13893967093235837,31.0,11.0,0.0,-0.0039163781711400595,0.02823935925431771,,
,,,,,,,,,paired_contrast,Gesture_Acc,0.5_minus_0,0.1698769514607374,0.16865520223613328,0.07511438346873099,-0.01901279707495429,0.32899869960988304,41.0,1.0,0.0,0.1468614602572277,0.19193309625482002,,
,,,,,,,,,paired_contrast,Gesture_Acc,1_minus_0,0.1828815339749177,0.2018353749677677,0.0926063403731188,-0.050907071455016606,0.3286271595764444,40.0,2.0,0.0,0.1539024283582355,0.2097210686205597,,
,,,,,,,,,paired_contrast,Subject_AUC,1_minus_0.5,-0.17073170731707318,-0.11585365853658519,0.2668285178895101,-0.8414634146341464,0.3292682926829268,11.0,28.0,3.0,-0.25203252032520324,-0.09204413472706156,,
,,,,,,,,,paired_contrast,Subject_AUC,0.5_minus_0,0.10627177700348435,0.06707317073170738,0.22071988679169802,-0.4390243902439025,0.5853658536585367,26.0,10.0,6.0,0.03977206736353076,0.17305458768873402,,
,,,,,,,,,paired_contrast,Subject_AUC,1_minus_0,-0.06445993031358883,-0.012195121951219468,0.34826119716692355,-0.8048780487804879,0.7317073170731707,20.0,21.0,1.0,-0.16840882694541226,0.04094802555168398,,
,,,,,,,,,three_point_trend,Gesture_F1,,,,,,,,,,0.5223523938472918,0.6017574706119491,0.5622326429237201,0.8669803261402277
