alpha,beta,calibration_fold_count,source_train_mean_kl,source_train_kl_sd,relative_mismatch_percent,selected,selection_uses_test_metrics
0.5,0.06,7,8.179058015528339,0.1780559060812443,22.075492769079684,False,False
0.5,0.07,7,7.602752176720007,0.09194229565094379,13.47391308537324,False,False
0.5,0.08,7,6.996309218353408,0.22336749287192106,4.422525647065793,False,False
0.5,0.09,7,6.463434535029161,0.14713715053516044,3.530827835385661,False,False
0.5,0.1,7,6.071888953759329,0.1790644572406293,9.374791734935393,False,False
0.5,0.0765,7,7.190929776752161,0.13255449719139067,7.327310100778519,False,False
0.5,0.0833,7,6.901975720681362,0.10671375181444259,3.0145629952442046,True,False
0.5,0.0967,7,6.106365695016237,0.1557899672274756,8.860213507220347,False,False
0.5,0.1035,7,5.847400548105999,0.20425312814221222,12.725364953641805,False,False
